{
    "classification": {
        "Logistic Regression": {
            "accuracy": 0.9801428571428571,
            "f1_score": 0.9730880929332043,
            "roc_auc": 0.9984017471026457,
            "cv_auc_mean": 0.9985244859880724,
            "cv_auc_std": 0.00019592589677308296
        },
        "Decision Tree": {
            "accuracy": 0.9631428571428572,
            "f1_score": 0.9492525570416994,
            "roc_auc": 0.9575537825654885,
            "cv_auc_mean": 0.949314934048455,
            "cv_auc_std": 0.0025114521442958404
        },
        "Random Forest": {
            "accuracy": 0.9734285714285714,
            "f1_score": 0.9631828978622328,
            "roc_auc": 0.9981127947000856,
            "cv_auc_mean": 0.9975800495548126,
            "cv_auc_std": 0.0002017345362839956
        },
        "SVM": {
            "accuracy": 0.935,
            "f1_score": 0.9063593331961309,
            "roc_auc": 0.9908866158142022,
            "cv_auc_mean": 0.988657496632104,
            "cv_auc_std": 0.000704358744775969
        },
        "KNN": {
            "accuracy": 0.9074285714285715,
            "f1_score": 0.8579570363875493,
            "roc_auc": 0.9680494620537107,
            "cv_auc_mean": 0.9609250048935241,
            "cv_auc_std": 0.0020139372419936143
        },
        "Naive Bayes": {
            "accuracy": 0.8852857142857142,
            "f1_score": 0.8559641255605381,
            "roc_auc": 0.9637497432679617,
            "cv_auc_mean": 0.9662070500740472,
            "cv_auc_std": 0.0036524735527420516
        },
        "XGBoost": {
            "accuracy": 0.9868571428571429,
            "f1_score": 0.9819960861056751,
            "roc_auc": 0.9992603134337381,
            "cv_auc_mean": 0.9991618777753957,
            "cv_auc_std": 0.000153369277549725
        },
        "LightGBM": {
            "accuracy": 0.9814285714285714,
            "f1_score": 0.974559686888454,
            "roc_auc": 0.9985509828812261,
            "cv_auc_mean": 0.9983940057208998,
            "cv_auc_std": 0.00035508036582518473
        },
        "Neural Network": {
            "accuracy": 0.9828571428571429,
            "f1_score": 0.9772468714448237,
            "roc_auc": 0.9999102479709068,
            "cv_auc_mean": 0.9998535232550679,
            "cv_auc_std": 2.8784600048786288e-05
        }
    },
    "regression": {
        "Linear Regression": {
            "mse": 884.1888706481228,
            "rmse": 29.735313528666936,
            "mae": 24.873638277941332,
            "r2_score": -0.0007347778821698014,
            "cv_r2_mean": -0.0007633893889675391,
            "cv_r2_std": 0.0005460871638755301
        },
        "Ridge": {
            "mse": 884.1886538289698,
            "rmse": 29.735309882847528,
            "mae": 24.87363355651132,
            "r2_score": -0.0007345324838459177,
            "cv_r2_mean": -0.0007629642190233987,
            "cv_r2_std": 0.0005458408135761111
        },
        "Lasso": {
            "mse": 883.8898283902066,
            "rmse": 29.730284700793003,
            "mae": 24.863087435035542,
            "r2_score": -0.000396318535431206,
            "cv_r2_mean": -5.346362380038716e-05,
            "cv_r2_std": 9.789069660448285e-05
        },
        "ElasticNet": {
            "mse": 883.8642037505138,
            "rmse": 29.72985374586484,
            "mae": 24.862554110717642,
            "r2_score": -0.0003673162838053745,
            "cv_r2_mean": -6.238792188599796e-05,
            "cv_r2_std": 0.00012424066707570686
        },
        "Decision Tree": {
            "mse": 1476.7589760480455,
            "rmse": 38.42862183383689,
            "mae": 30.86535968956916,
            "r2_score": -0.671412200424623,
            "cv_r2_mean": -0.6742954528513632,
            "cv_r2_std": 0.021100793710846295
        },
        "Random Forest": {
            "mse": 1043.02080550649,
            "rmse": 32.29583263373914,
            "mae": 26.718276016571945,
            "r2_score": -0.18050252471500627,
            "cv_r2_mean": -0.16631204828014828,
            "cv_r2_std": 0.00782811407160579
        },
        "XGBoost": {
            "mse": 920.7406554880821,
            "rmse": 30.34370866403911,
            "mae": 25.29702404982022,
            "r2_score": -0.04210449367173963,
            "cv_r2_mean": -0.0610101279691587,
            "cv_r2_std": 0.005996091105046611
        },
        "LightGBM": {
            "mse": 891.4840398208437,
            "rmse": 29.857729984391707,
            "mae": 24.959356556181454,
            "r2_score": -0.008991531324818558,
            "cv_r2_mean": -0.011969342983872578,
            "cv_r2_std": 0.0027377173886072776
        },
        "Gradient Boosting": {
            "mse": 886.1398771216785,
            "rmse": 29.768101671448225,
            "mae": 24.893289466717825,
            "r2_score": -0.0029429486641989744,
            "cv_r2_mean": -0.0028165644409266833,
            "cv_r2_std": 0.001751761394848747
        }
    },
    "timestamp": "2026-01-10 16:44:27"
}